[{"goal": "travel", "time": "5-7", "student": "", "phone": ""}, {"goal": "travel", "time": "5-7", "student": "", "phone": ""}, {"goal": "travel", "time": "5-7", "student": "", "phone": ""}, {"goal": "travel", "time": "5-7", "student": "", "phone": ""}, {"goal": "study", "time": "5-7", "student": "", "phone": ""}, {"goal": "study", "time": "5-7", "student": "", "phone": ""}, {"goal": "study", "time": "5-7", "student": "", "phone": ""}, {"goal": "study", "time": "5-7", "student": "", "phone": ""}, {"goal": "study", "time": "5-7", "student": "", "phone": ""}, {"goal": "study", "time": "5-7", "student": "", "phone": ""}, {"goal": "study", "time": "5-7", "student": "", "phone": ""}, {"goal": "\u0414\u043b\u044f \u0448\u043a\u043e\u043b\u044b\ud83c\udfeb", "time": "5-7", "student": "", "phone": ""}, {"goal": "\u0414\u043b\u044f \u0448\u043a\u043e\u043b\u044b\ud83c\udfeb", "time": "5-7", "student": "", "phone": ""}, {"goal": "\u0414\u043b\u044f \u043f\u0443\u0442\u0435\u0448\u0435\u0441\u0442\u0432\u0438\u0439\u26f1", "time": "5-7", "student": "", "phone": ""}, {"goal": "\u0414\u043b\u044f \u043f\u0435\u0440\u0435\u0435\u0437\u0434\u0430\ud83d\ude9c", "time": "7-10", "student": "Dungeon Master", "phone": "+777666228"}, {"goal": "\u0414\u043b\u044f \u0448\u043a\u043e\u043b\u044b\ud83c\udfeb", "time": "7-10", "student": "", "phone": ""}, {"goal": "\u0414\u043b\u044f \u043f\u0443\u0442\u0435\u0448\u0435\u0441\u0442\u0432\u0438\u0439\u26f1", "time": "5-7", "student": "", "phone": ""}, {"goal": "\u0414\u043b\u044f \u043f\u0443\u0442\u0435\u0448\u0435\u0441\u0442\u0432\u0438\u0439\u26f1", "time": "5-7", "student": "", "phone": ""}, {"goal": "\u0414\u043b\u044f \u043f\u0443\u0442\u0435\u0448\u0435\u0441\u0442\u0432\u0438\u0439\u26f1", "time": "5-7", "student": "", "phone": ""}, {"goal": "\u0414\u043b\u044f \u043f\u0443\u0442\u0435\u0448\u0435\u0441\u0442\u0432\u0438\u0439\u26f1", "time": "5-7", "student": "\u0410\u043b\u0435\u043a\u0441\u0430\u043d\u0434\u0435\u0440", "phone": "+77777777"}]